id,name,type,reused,launch_id,mass_kg,mass_lbs,orbit,customers,nationalities,manufacturer,wikipedia
5eb0e4b5b6c3bb0006eeb1e1,FalconSAT-2,Satellite,False,5eb87cd9ffd86e000604b32a,20,43,LEO,DARPA,United States,,
5eb0e4b6b6c3bb0006eeb1e2,DemoSAT,Satellite,False,5eb87cdaffd86e000604b32b,,,LEO,DARPA,United States,,
5eb0e4b6b6c3bb0006eeb1e3,Trailblazer,Satellite,False,5eb87cdbffd86e000604b32c,,,LEO,NASA,United States,,
5eb0e4b6b6c3bb0006eeb1e4,PRESat,Satellite,False,5eb87cdbffd86e000604b32c,,,LEO,ORS,United States,,
5eb0e4b7b6c3bb0006eeb1e5,RatSat,Satellite,False,5eb87cdbffd86e000604b32d,165,363,LEO,SpaceX,United States,,
5eb0e4b7b6c3bb0006eeb1e6,RazakSAT,Satellite,False,5eb87cdcffd86e000604b32e,200,440,LEO,ATSB,Malaysia,,
5eb0e4b7b6c3bb0006eeb1e7,Dragon Qualification Unit,Dragon Boilerplate,False,5eb87cddffd86e000604b32f,,,LEO,SpaceX,United States,,
5eb0e4b9b6c3bb0006eeb1e8,COTS Demo Flight 1,Dragon 1.0,False,5eb87cdeffd86e000604b330,,,LEO,NASA(COTS),United States,,
5eb0e4b9b6c3bb0006eeb1e9,Cubesats,Satellite,False,5eb87cdeffd86e000604b330,,,LEO,NRO,,,
5eb0e4bab6c3bb0006eeb1ea,COTS Demo Flight 2,Dragon 1.0,False,5eb87cdfffd86e000604b331,525,1157,LEO,NASA(COTS),United States,,
5eb0e4bab6c3bb0006eeb1eb,CRS-1,Dragon 1.0,False,5eb87ce0ffd86e000604b332,400,881,ISS,NASA (CRS),United States,,
5eb0e4bab6c3bb0006eeb1ec,Orbcomm-OG2,Dragon 1.0,False,5eb87ce0ffd86e000604b332,400,881,LEO,Orbcomm,,,
5eb0e4bbb6c3bb0006eeb1ed,CRS-2,Dragon 1.0,False,5eb87ce1ffd86e000604b333,677,1492,ISS,NASA (CRS),United States,,
5eb0e4bbb6c3bb0006eeb1ee,CASSIOPE,Satellite,False,5eb87ce1ffd86e000604b334,500,1100,PO,MDA,Canada,,
5eb0e4bbb6c3bb0006eeb1ef,SES-8,Satellite,False,5eb87ce2ffd86e000604b335,3170,6990,GTO,SES,Luxembourg,,
5eb0e4bbb6c3bb0006eeb1f0,Thaicom 6,Satellite,False,5eb87ce3ffd86e000604b336,3325,7330,GTO,Thaicom,Thailand,,
5eb0e4bbb6c3bb0006eeb1f1,CRS-3,Dragon 1.1,False,5eb87ce4ffd86e000604b337,2296,5062,ISS,NASA (CRS),United States,,
5eb0e4bcb6c3bb0006eeb1f2,Orbcomm-OG2-M1,Satellite,False,5eb87ce4ffd86e000604b338,1316,2901,LEO,Orbcomm,United States,,
5eb0e4bcb6c3bb0006eeb1f3,AsiaSat 8,Satellite,False,5eb87ce5ffd86e000604b339,4535,9998,GTO,AsiaSat,Hong Kong,,
5eb0e4bcb6c3bb0006eeb1f4,AsiaSat 6,Satellite,False,5eb87ce6ffd86e000604b33a,4428,9762,GTO,AsiaSat,Hong Kong,,
5eb0e4bcb6c3bb0006eeb1f5,CRS-4,Dragon 1.1,False,5eb87ce7ffd86e000604b33b,2216,4885,ISS,NASA (CRS),United States,,
5eb0e4bdb6c3bb0006eeb1f6,CRS-5,Dragon 1.1,False,5eb87ce8ffd86e000604b33c,2395,5280,ISS,NASA (CRS),United States,,
5eb0e4bdb6c3bb0006eeb1f7,DSCOVR,Satellite,False,5eb87ceaffd86e000604b33d,570,1260,ES-L1,"NASA, NOAA, USAF",United States,,
5eb0e4bdb6c3bb0006eeb1f8,ABS-3A,Satellite,False,5eb87ceaffd86e000604b33e,1954,4307,GTO,ABS,Hong Kong,,
5eb0e4bdb6c3bb0006eeb1f9,Eutelsat 115 West B,Satellite,False,5eb87ceaffd86e000604b33e,2205,4861,GTO,Eutelsat,France,,
5eb0e4bdb6c3bb0006eeb1fa,CRS-6,Dragon 1.1,False,5eb87cecffd86e000604b33f,1898,4184,ISS,NASA (CRS),United States,,
5eb0e4beb6c3bb0006eeb1fb,TürkmenÄlem 52°E / MonacoSAT,Satellite,False,5eb87cedffd86e000604b340,4707,10377,GTO,Turkmenistan National Space Agency,Turkmenistan,,
5eb0e4beb6c3bb0006eeb1fc,CRS-7,Dragon 1.1,False,5eb87ceeffd86e000604b341,2477,5460.9,ISS,NASA (CRS),United States,,
5eb0e4beb6c3bb0006eeb1fd,Orbcomm-OG2-M2,Satellite,False,5eb87cefffd86e000604b342,2034,4484,LEO,Orbcomm,United States,,
5eb0e4beb6c3bb0006eeb1fe,Jason-3,Satellite,False,5eb87cf0ffd86e000604b343,553,1219,PO,"NASA, NOAA",United States,,
5eb0e4beb6c3bb0006eeb1ff,SES-9,Satellite,False,5eb87cf2ffd86e000604b344,5271,11621,GTO,SES,Luxembourg,,
5eb0e4bfb6c3bb0006eeb200,CRS-8,Dragon 1.1,False,5eb87cf3ffd86e000604b345,3136,6914,ISS,NASA (CRS),United States,,
5eb0e4bfb6c3bb0006eeb201,JCSAT-2B,Satellite,False,5eb87cf5ffd86e000604b346,4696,10353,GTO,SKY Perfect JSAT Group,Japan,,
5eb0e4bfb6c3bb0006eeb202,Thaicom 8,Satellite,False,5eb87cf6ffd86e000604b347,3100,6800,GTO,Thaicom,Thailand,,
5eb0e4bfb6c3bb0006eeb203,ABS-2A,Satellite,False,5eb87cf8ffd86e000604b348,1800,3950,GTO,ABS,Hong Kong,,
5eb0e4bfb6c3bb0006eeb204,Eutelsat 117 West B,Satellite,False,5eb87cf8ffd86e000604b348,1800,3950,GTO,Eutelsat,France,,
5eb0e4c0b6c3bb0006eeb205,CRS-9,Dragon 1.1,False,5eb87cf9ffd86e000604b349,2257,4976,ISS,NASA (CRS),United States,,
5eb0e4c1b6c3bb0006eeb206,JCSAT-16,Satellite,False,5eb87cfaffd86e000604b34a,4600,10100,GTO,SKY Perfect JCSAT Group,Japan,,
5eb0e4c1b6c3bb0006eeb207,Amos-6,Satellite,False,5eb87cfbffd86e000604b34b,5500,12100,GTO,Spacecom,Israel,,
5eb0e4c2b6c3bb0006eeb208,Iridium NEXT 1,Satellite,False,5eb87cfdffd86e000604b34c,9600,21200,PO,Iridium Communications,United States,,
5eb0e4c3b6c3bb0006eeb209,CRS-10,Dragon 1.1,False,5eb87cfeffd86e000604b34d,2490,5490,ISS,NASA (CRS),United States,,
5eb0e4c3b6c3bb0006eeb20a,EchoStar 23,Satellite,False,5eb87cfeffd86e000604b34e,5600,12399,GTO,EchoStar,United States,,
5eb0e4c3b6c3bb0006eeb20b,SES-10,Satellite,False,5eb87d00ffd86e000604b34f,5300,11700,GTO,SES,Luxembourg,,
5eb0e4c3b6c3bb0006eeb20c,NROL-76,Satellite,False,5eb87d01ffd86e000604b350,,,LEO,NRO,United States,,
5eb0e4c3b6c3bb0006eeb20d,Inmarsat-5 F4,Satellite,False,5eb87d01ffd86e000604b351,6070,13380,GTO,Inmarsat,United Kingdom,,
5eb0e4c4b6c3bb0006eeb20e,CRS-11,Dragon 1.1,True,5eb87d03ffd86e000604b352,2708,5970,ISS,NASA (CRS),United States,,
5eb0e4c4b6c3bb0006eeb20f,BulgariaSat-1,Satellite,False,5eb87d04ffd86e000604b353,3669,8089,GTO,Bulgaria Sat,Bulgaria,,
5eb0e4c4b6c3bb0006eeb210,Iridium NEXT 2,Satellite,False,5eb87d05ffd86e000604b354,9600,21164,PO,Iridium Communications,United States,,
5eb0e4c4b6c3bb0006eeb211,Intelsat 35e,Satellite,False,5eb87d06ffd86e000604b355,6761,14905.45,GTO,Intelsat,United States,,
5eb0e4c4b6c3bb0006eeb212,CRS-12,Dragon 1.1,False,5eb87d07ffd86e000604b356,2910,6415.5,ISS,NASA (CRS),United States,,
5eb0e4c4b6c3bb0006eeb213,FormoSat-5,Satellite,False,5eb87d08ffd86e000604b357,475,1047,SSO,NSPO (Taiwan),Taiwan,,
5eb0e4c5b6c3bb0006eeb214,X-37B OTV-5,Satellite,False,5eb87d09ffd86e000604b358,4990,11001,LEO,USAF,United States,,
5eb0e4c5b6c3bb0006eeb215,Iridium NEXT 3,Satellite,False,5eb87d0affd86e000604b359,9600,21164.4,PO,Iridium Communications,United States,,
5eb0e4c5b6c3bb0006eeb216,SES-11 / Echostar 105,Satellite,False,5eb87d0cffd86e000604b35a,5200,11464,GTO,"SES, Echostar",United States,,
5eb0e4c5b6c3bb0006eeb217,KoreaSat 5A,Satellite,False,5eb87d0dffd86e000604b35b,3700,8157.104,GTO,KT Corporation,South Korea,,
5eb0e4c5b6c3bb0006eeb218,CRS-13,Dragon 1.1,True,5eb87d0effd86e000604b35c,2205,4861.2,ISS,NASA (CRS),United States,,
5eb0e4c6b6c3bb0006eeb219,Iridium NEXT 4,Satellite,False,5eb87d0fffd86e000604b35d,9600,21164.38,PO,Iridium Communications,United States,,
5eb0e4c6b6c3bb0006eeb21a,ZUMA,Satellite,False,5eb87d10ffd86e000604b35e,,,LEO,Northrop Grumman,United States,,
5eb0e4c6b6c3bb0006eeb21b,GovSat-1,Satellite,False,5eb87d11ffd86e000604b35f,4230,9325.6,GTO,GovSat,Luxembourg,,
5eb0e4c6b6c3bb0006eeb21c,Tesla Roadster,Satellite,False,5eb87d13ffd86e000604b360,1350,2976.2,HCO,SpaceX,United States,,
5eb0e4c6b6c3bb0006eeb21d,Paz,Satellite,False,5eb87d14ffd86e000604b361,1350,2976.2,SSO,HisdeSAT,Spain,,
5eb0e4c6b6c3bb0006eeb21e,Tintin A & B,Satellite,False,5eb87d14ffd86e000604b361,800,1763.7,SSO,SpaceX,United States,,
5eb0e4c7b6c3bb0006eeb21f,Hispasat 30W-6,Satellite,False,5eb87d15ffd86e000604b362,6092,13430.6,GTO,Hispasat,Spain,,
5eb0e4c7b6c3bb0006eeb220,Iridium NEXT 5,Satellite,False,5eb87d16ffd86e000604b363,9600,21164.38,PO,Iridium Communications,United States,,
5eb0e4c7b6c3bb0006eeb221,CRS-14,Dragon 1.1,True,5eb87d16ffd86e000604b364,2760,6084.7,ISS,NASA (CRS),United States,,
5eb0e4c7b6c3bb0006eeb222,TESS,Satellite,False,5eb87d18ffd86e000604b365,350,772,HEO,NASA,United States,,
5eb0e4c7b6c3bb0006eeb223,Bangabandhu-1,Satellite,False,5eb87d19ffd86e000604b366,3750,8270,GTO,Bangladesh Gov,Bangladesh,,
5eb0e4c7b6c3bb0006eeb224,Iridium NEXT 6,Satellite,False,5eb87d1affd86e000604b367,4300,9479.9,PO,Iridium Communications,United States,,
5eb0e4c8b6c3bb0006eeb225,GRACE-FO 1-2,Satellite,False,5eb87d1affd86e000604b367,1160,2557.4,PO,"NASA, DLR",,,
5eb0e4c8b6c3bb0006eeb226,SES-12,Satellite,False,5eb87d1bffd86e000604b368,5383.85,11869.4,GTO,SES,Luxembourg,,
5eb0e4c8b6c3bb0006eeb227,CRS-15,Dragon 1.1,True,5eb87d1cffd86e000604b369,2410,5313,ISS,NASA (CRS),United States,,
5eb0e4c8b6c3bb0006eeb228,Telstar 19V,Satellite,False,5eb87d1effd86e000604b36a,7076,15600,GTO,Telesat,Canada,,
5eb0e4c9b6c3bb0006eeb229,Iridium NEXT 7,Satellite,False,5eb87d1fffd86e000604b36b,9600,21164.38,PO,Iridium Communications,United States,,
5eb0e4c9b6c3bb0006eeb22a,Telkom-4,Satellite,False,5eb87d20ffd86e000604b36c,5800,12786.81,GTO,Telkom,Indonesia,,
5eb0e4c9b6c3bb0006eeb22b,Telstar 18V,Satellite,False,5eb87d22ffd86e000604b36d,7060,15564.64,GTO,Telesat,Canada,,
5eb0e4c9b6c3bb0006eeb22c,SAOCOM 1A,Satellite,False,5eb87d23ffd86e000604b36e,2800,6172.94,SSO,CONAE,Argentina,,
5eb0e4c9b6c3bb0006eeb22d,Es’hail 2,Satellite,False,5eb87d24ffd86e000604b36f,3000,6613.868,GTO,Es’hailSat,Qatar,,
5eb0e4c9b6c3bb0006eeb22e,SSO-A,Satellite,False,5eb87d25ffd86e000604b370,4000,8818.49,SSO,"Spaceflight Industries, Inc",United States,,
5eb0e4cab6c3bb0006eeb22f,CRS-16,Dragon 1.1,True,5eb87d26ffd86e000604b371,2573,5672.494,ISS,NASA (CRS),United States,,
5eb0e4cab6c3bb0006eeb230,GPS III SV01,Satellite,False,5eb87d27ffd86e000604b372,4400,9700.34,MEO,USAF,United States,,
5eb0e4cab6c3bb0006eeb231,Iridium NEXT 8,Satellite,False,5eb87d28ffd86e000604b373,9600,21164.38,PO,Iridium Communications,United States,,
5eb0e4cab6c3bb0006eeb232,Nusantara Satu (PSN-6),Satellite,False,5eb87d2affd86e000604b374,5000,11023.11,GTO,Pasifik Satelit Nusantara,Indonesia,,
5eb0e4cab6c3bb0006eeb233,S5,Satellite,False,5eb87d2affd86e000604b374,60,132.28,GTO,Air Force Research Laboratory,United States,,
5eb0e4cab6c3bb0006eeb234,Beresheet,Lander,False,5eb87d2affd86e000604b374,585,1289.7,GTO,SpaceIL,Israel,,
5eb0e4cbb6c3bb0006eeb235,CCtCap Demo Mission 1,Crew Dragon,False,5eb87d2bffd86e000604b375,12259,27026.47,ISS,NASA (CCtCap),United States,,
5eb0e4cbb6c3bb0006eeb236,ArabSat 6A,Satellite,False,5eb87d2dffd86e000604b376,6000,13227.74,GTO,Arabsat,Saudi Arabia,,
5eb0e4cbb6c3bb0006eeb237,CRS-17,Dragon 1.1,True,5eb87d2effd86e000604b377,2482,5472,ISS,NASA (CRS),United States,,
5eb0e4cbb6c3bb0006eeb238,Starlink v0.9,Satellite,False,5eb87d30ffd86e000604b378,13200,29101,VLEO,SpaceX,United States,,
5eb0e4ccb6c3bb0006eeb239,RADARSAT Constellation,Satellite,False,5eb87d31ffd86e000604b379,1425,3141.59,SSO,CSA,Canada,,
5eb0e4ccb6c3bb0006eeb23a,DSX,Satellite,False,5eb87d35ffd86e000604b37a,600,1322.77,MEO,USAF,United States,,
5eb0e4ccb6c3bb0006eeb23b,COSMIC-2,Satellite,False,5eb87d35ffd86e000604b37a,1668,3677.3,LEO,"NOAA, NASA, Taiwan",United States,,
5eb0e4ccb6c3bb0006eeb23c,GPIM,Satellite,False,5eb87d35ffd86e000604b37a,180,396,LEO,NASA,United States,,
5eb0e4ccb6c3bb0006eeb23d,Oculus-ASR,Satellite,False,5eb87d35ffd86e000604b37a,70,154,LEO,Michigan Tech,United States,,
5eb0e4ccb6c3bb0006eeb23e,OTB 1,Satellite,False,5eb87d35ffd86e000604b37a,138,304,LEO,General Atomics,United States,,
5eb0e4cdb6c3bb0006eeb23f,NPSAT 1,Satellite,False,5eb87d35ffd86e000604b37a,86,189,LEO,Naval Postgrad School,United States,,
5eb0e4cdb6c3bb0006eeb240,Prox-1,Satellite,False,5eb87d35ffd86e000604b37a,71,156,LEO,Georgia Tech,United States,,
5eb0e4cdb6c3bb0006eeb241,LightSail-B,Satellite,False,5eb87d35ffd86e000604b37a,5,11,LEO,Planetary Society,United States,,
5eb0e4cdb6c3bb0006eeb242,ARMADILLO,Satellite,False,5eb87d35ffd86e000604b37a,4,8.8,LEO,University of Texas,United States,,
5eb0e4cdb6c3bb0006eeb243,FalconSat 7,Satellite,False,5eb87d35ffd86e000604b37a,5,11,LEO,USAF Academy,United States,,
5eb0e4cdb6c3bb0006eeb244,E-TBEx A & B,Satellite,False,5eb87d35ffd86e000604b37a,4,8.8,LEO,SRI International,United States,,
5eb0e4cdb6c3bb0006eeb245,PSat 2,Satellite,False,5eb87d35ffd86e000604b37a,2,4.4,LEO,US Naval Academy,United States,,
5eb0e4ceb6c3bb0006eeb246,BRICSat 2,Satellite,False,5eb87d35ffd86e000604b37a,1,2.2,LEO,US Naval Academy,United States,,
5eb0e4ceb6c3bb0006eeb247,TEPCE 1 & 2,Satellite,False,5eb87d35ffd86e000604b37a,1.5,3.3,LEO,Naval Research Lab,United States,,
5eb0e4ceb6c3bb0006eeb248,CP9,Satellite,False,5eb87d35ffd86e000604b37a,1.5,3.3,LEO,Cal Poly,United States,,
5eb0e4ceb6c3bb0006eeb249,StangSat,Satellite,False,5eb87d35ffd86e000604b37a,1,2.2,LEO,Merrit Island HS,United States,,
5eb0e4ceb6c3bb0006eeb24a,CRS-18,Dragon 1.1,True,5eb87d36ffd86e000604b37b,2227.7,4911.2,ISS,NASA (CRS),United States,,
5eb0e4cfb6c3bb0006eeb24b,Amos-17,Satellite,False,5eb87d37ffd86e000604b37c,6500,14330.05,GTO,Spacecom,Israel,,
5eb0e4cfb6c3bb0006eeb24c,Starlink-1,Satellite,False,5eb87d39ffd86e000604b37d,15600,34392,VLEO,SpaceX,United States,,
5eb0e4cfb6c3bb0006eeb24d,CRS-19,Dragon 1.1,True,5eb87d39ffd86e000604b37e,5000,11023,ISS,NASA (CRS),United States,,
5eb0e4cfb6c3bb0006eeb24e,JCSat 18 / Kacific 1,Satellite,False,5eb87d3bffd86e000604b37f,6800,14991.43,GTO,"SKY Perfect JSAT Corporation, Kacific Broadband Satellites Pte Ltd",Japan,,
5eb0e4cfb6c3bb0006eeb24f,Starlink-2,Satellite,False,5eb87d3cffd86e000604b380,15600,34392,VLEO,SpaceX,United States,,
5eb0e4d0b6c3bb0006eeb250,Crew Dragon In Flight Abort Test,Crew Dragon,False,5eb87d3dffd86e000604b381,,,SO,NASA (CCtCap),United States,,
5eb0e4d0b6c3bb0006eeb251,Starlink-3,Satellite,False,5eb87d3fffd86e000604b382,15600,34392,VLEO,SpaceX,United States,,
5eb0e4d0b6c3bb0006eeb252,Starlink-4,Satellite,False,5eb87d41ffd86e000604b383,15600,34392,VLEO,SpaceX,United States,,
5eb0e4d0b6c3bb0006eeb253,CRS-20,Dragon 1.1,True,5eb87d42ffd86e000604b384,1977,4358.539,ISS,NASA (CRS),United States,,
5eb0e4d0b6c3bb0006eeb254,Starlink-5,Satellite,False,5eb87d43ffd86e000604b385,15600,34392,VLEO,SpaceX,United States,,
5eb0e4d1b6c3bb0006eeb255,Starlink-6,Satellite,False,5eb87d44ffd86e000604b386,15600,34392,VLEO,SpaceX,United States,,
5eb0e4d1b6c3bb0006eeb256,Starlink-7,Satellite,False,5eb87d45ffd86e000604b387,15600,34392,VLEO,SpaceX,United States,,
5eb0e4d1b6c3bb0006eeb257,CCtCap Demo Mission 2,Crew Dragon,False,5eb87d46ffd86e000604b388,9525,20999.03,ISS,NASA (CCtCap),United States,,
5eb0e4d1b6c3bb0006eeb258,Starlink-8,Satellite,False,5eb87d46ffd86e000604b389,15600,34392,VLEO,SpaceX,United States,,
5eb0e4d1b6c3bb0006eeb259,SAOCOM 1B,Satellite,False,5eb87d47ffd86e000604b38a,1600,3527.396,SSO,CONAE,Argentina,,
5eb0e4d2b6c3bb0006eeb25b,ANASIS-II,Satellite,False,5eb87d50ffd86e000604b394,,,GEO,South Korea,South Korea,,
5eb0e4d2b6c3bb0006eeb25c,GPS III SV03 (Columbus),Satellite,False,5eb87d4affd86e000604b38b,3880,8553.94,MEO,USAF,United States,,
5eb0e4d2b6c3bb0006eeb25d,SXM-7,Satellite,False,5eb87d4bffd86e000604b38c,7000,15432.36,GTO,SiriusXM,United States,,
5eb0e4d2b6c3bb0006eeb25e,GPS III SV04 (Sacagawea),Satellite,False,5eb87d4cffd86e000604b38d,3681,8115.216,MEO,United States Space Force,United States,,
5eb0e4d2b6c3bb0006eeb25f,Crew-1,Crew Dragon,False,5eb87d4dffd86e000604b38e,,,ISS,NASA (CCtCap),United States,,
5eb0e4d2b6c3bb0006eeb261,GPS III SV05,Satellite,False,5eb87d4effd86e000604b390,3681,8115.22,MEO,USAF,United States,,
5eb0e4d3b6c3bb0006eeb262,CRS-21,Dragon 2.0,False,5eb87d4effd86e000604b391,2972,6552.138,ISS,NASA (CRS),United States,,
5eb0e4d3b6c3bb0006eeb264,Turksat 5A,Satellite,False,5eb87d4fffd86e000604b393,3500,7716.2,GTO,Turksat,Turkey,,
5ed9858b1f30554030d45c3e,Starlink-9,Satellite,False,5ed9819a1f30554030d45c29,15600,34392,VLEO,SpaceX,United States,,
5ed9859f1f30554030d45c3f,Starlink-10,Satellite,False,5ed981d91f30554030d45c2a,15600,34392,VLEO,SpaceX,United States,,
5ed9867c1f30554030d45c40,Sentinel-6 Michael Freilich,Satellite,False,5ed983aa1f30554030d45c31,1440,3174.657,PO,NASA,United States,,
5ee522e32f1f3d474c758123,BlackSky Global 5-6,Satellite,False,5ed9819a1f30554030d45c29,112,246.92,SSO,BlackSky Global,United States,,
5ef6a4600059c33cee4a829e,Starlink-11,Satellite,False,5ef6a1e90059c33cee4a828a,15600,34392,VLEO,SpaceX,United States,,
5ef6a48e0059c33cee4a829f,Starlink-12,Satellite,False,5ef6a2090059c33cee4a828b,15600,34392,VLEO,SpaceX,United States,,
5ef6a4d50059c33cee4a82a1,Starlink-13,Satellite,False,5ef6a2bf0059c33cee4a828c,15600,34392,VLEO,SpaceX,United States,,
5ef6a4ea0059c33cee4a82a2,Starlink-14,Satellite,False,5ef6a2e70059c33cee4a8293,15600,34392,VLEO,SpaceX,United States,,
5f839ac7818d8b59f5740d48,NROL-108,Satellite,False,5f8399fb818d8b59f5740d43,,,,National Reconnaissance Office,United States,,
5fb95c263a88ae63c9546044,Starlink-15,Satellite,False,5fb95b3f3a88ae63c954603c,15600,34392,VLEO,SpaceX,United States,,
5fbfedba54ceb10a5664c813,Starlink-16,Satellite,False,5fbfecce54ceb10a5664c80a,15600,34392,VLEO,SpaceX,United States,,
5fbfedc654ceb10a5664c814,Starlink-17,Satellite,False,5fbfecfe54ceb10a5664c80b,15600,34392,VLEO,SpaceX,United States,,
5fd3871a7faea57d297c86c6,Transporter-1,Satellite,False,5fd386aa7faea57d297c86c1,,,SSO,,United States,,
5fe3b2abb3467846b3242172,SARah 1,Satellite,False,5fe3af43b3467846b324215e,2200,4850.17,SSO,"OHB-System, AG, Bundeswehr",Germany,,
5fe3b3adb3467846b3242173,Crew-2,Crew Dragon,True,5fe3af58b3467846b324215f,,,ISS,NASA (CCtCap),United States,,
5fe3b3bab3467846b3242174,Crew-3,Crew Dragon,False,5fe3b15eb3467846b324216d,12519,27600,ISS,NASA (CCtCap),United States,,
5fe3b57db3467846b324217a,SXM-8,Satellite,False,5fe3af6db3467846b3242160,7000,15432.36,GTO,SiriusXM,United States,,
5fe3b642b3467846b324217b,CRS-22,Dragon 2.0,True,5fe3af84b3467846b3242161,3328,7336.984,ISS,NASA (CRS),United States,,
5fe3b86eb3467846b324217c,USSF-44,Satellite,False,6243aec2af52800c6e91925d,3700,8157.104,GTO,USSF,United States,,
5fe3c080b3467846b3242190,Türksat 5B,Satellite,False,5fe3afc1b3467846b3242164,3500,7716.2,GTO,Turksat,Turkey,,
5fe3c4a6b3467846b3242192,DART (Double Asteroid Redirection Test),Satellite,False,5fe3b107b3467846b324216b,670,1477.097,TLI,NASA,United States,,
5fe3c4f2b3467846b3242193,CRS-23,Dragon 2.0,True,5fe3b11eb3467846b324216c,,,ISS,NASA (CRS),United States,,
5ff655769257f579ee3a6c64,Starlink-18,Satellite,False,5ff6554f9257f579ee3a6c5f,15600,34392,VLEO,SpaceX,United States,,
600f9bc08f798e2a4d5f97a4,Starlink-19,Satellite,False,600f9a5e8f798e2a4d5f979c,15600,34392,VLEO,SpaceX,United States,,
600f9bcb8f798e2a4d5f97a5,Starlink-20,Satellite,False,600f9a718f798e2a4d5f979d,15600,34392,VLEO,SpaceX,United States,,
600f9bd88f798e2a4d5f97a6,Starlink-21,Satellite,False,600f9a8d8f798e2a4d5f979e,15600,34392,VLEO,SpaceX,United States,,
60428afbc041c16716f73cdd,Starlink-22,Satellite,False,60428aafc041c16716f73cd7,15600,34392,VLEO,SpaceX,United States,,
60428b02c041c16716f73cde,Starlink-23,Satellite,False,60428ac4c041c16716f73cd8,15600,34392,VLEO,SpaceX,United States,,
605b4be3aa5433645e37d046,Starlink-24,Satellite,False,605b4b6aaa5433645e37d03f,15600,34392,VLEO,SpaceX,United States,,
605b4befaa5433645e37d047,Starlink-25,Satellite,False,605b4b7daa5433645e37d040,15600,34392,VLEO,SpaceX,United States,,
605b4bfcaa5433645e37d048,Starlink-26,Satellite,False,605b4b95aa5433645e37d041,13520,29807,VLEO,SpaceX,United States,,
6079bd5e9a06446e8c61bf7c,Starlink-27,Satellite,False,6079bd1c9a06446e8c61bf76,15600,34392,VLEO,SpaceX,United States,,
6079bd679a06446e8c61bf7d,Starlink-28,Satellite,False,6079bd399a06446e8c61bf77,15600,34392,VLEO,SpaceX,United States,,
607a382f5a906a44023e0867,Inspiration4,Crew Dragon,True,607a37565a906a44023e0866,,,LEO,Jared Isaacman,United States,,
608ac397eb3e50044e3630e7,Transporter-2,Satellite,False,600f9b6d8f798e2a4d5f979f,,,SSO,,United States,,
609f48374a12e4692eae4667,Capella-6,Satellite,False,605b4b95aa5433645e37d041,112,247,LEO,Capella Space,United States,,
609f49c64a12e4692eae4668,Tyvak-0130,Satellite,False,605b4b95aa5433645e37d041,,,LEO,"Tyvak Nano-Satellite Systems Inc, NOAA",United States,,
60e3bf3373359e1e20335c3c,Starlink 2-1 (v1.5),Satellite,False,60e3bf0d73359e1e20335c37,15600,34392,PO,SpaceX,United States,,
6161d0af6db1a92bfba85352,Starlink 2-2 (v1.5),Satellite,False,6161c7d26db1a92bfba85346,13260,29233,PO,SpaceX,United States,,
6161d0f26db1a92bfba85355,Starlink 4-3 (v1.5),Satellite,False,6161c94c6db1a92bfba85349,13260,29233,PO,SpaceX,United States,,
6161d22a6db1a92bfba85357,CRS-24,Dragon 2.0,True,6161d2006db1a92bfba85356,,,ISS,NASA (CRS),United States,,
6161d3a06db1a92bfba8535a,CSG-2,Satellite,False,6161d32d6db1a92bfba85359,2240,4938,SSO,ESA,,,
6175aaacefa4314085aa9c56,NROL-87,Satellite,False,61bf3e31cd5ab50b0d936345,,,LEO,"National Reconnaissance Office, USAF",United States,,
618fabf0563d69573ed8caa6,Starlink 4-1 (v1.5),Satellite,False,618faad2563d69573ed8ca9d,13260,29233,LEO,SpaceX,United States,,
61bbac16437241381bf70632,Starlink 4-4 (v1.5),Satellite,False,61bba806437241381bf7061e,13260,29233,PO,SpaceX,United States,,
61c1f395a4a2462678cbf46e,IPXE,Satellite,False,6161c88d6db1a92bfba85348,330,730,LEO,"NASA, ASI",United States,,
61d5ece4f88e4c5fc91f1ebb,Starlink 4-5 (v1.5),Satellite,False,61d5eca1f88e4c5fc91f1eb7,13260,29233,VLEO,SpaceX,United States,,
61e05516be8d8b66799018d4,Starlink 4-6 (v1.5),Satellite,False,61e048bbbe8d8b66799018d0,13260,29233,VLEO,SpaceX,United States,,
61e05520be8d8b66799018d5,Starlink 4-7 (v1.5),Satellite,False,61e048ffbe8d8b66799018d1,13260,29233,VLEO,SpaceX,United States,,
61eef9b89eb1064137a1bd72,IM-1 Nova-C,Satellite,False,61eef7489eb1064137a1bd6f,1908,4206,TLI,"Intuitive Machines, NASA",United States,,
61eefb129eb1064137a1bd74,Ax-1,Dragon 2.0,True,61eefaa89eb1064137a1bd73,,,ISS,Axiom Space,United States,,
61fc02e1e0dc5662b76489b4,Starlink 4-8 (v1.5),Satellite,False,61fc01dae0dc5662b76489a7,13260,29233,VLEO,SpaceX,United States,,
61fc0334e0dc5662b76489b5,Starlink 4-11 (v1.5),Satellite,False,61fc0203e0dc5662b76489a8,13260,29233,VLEO,SpaceX,United States,,
61fc0379e0dc5662b76489b6,Starlink 4-9 (v1.5),Satellite,False,61fc0224e0dc5662b76489ab,13260,29233,VLEO,SpaceX,United States,,
61fc0382e0dc5662b76489b7,Starlink 4-10 (v1.5),Satellite,False,61fc0243e0dc5662b76489ae,13260,29233,VLEO,SpaceX,United States,,
623491e5f051102e1fcedac9,Starlink 4-12 (v1.5),Satellite,False,6234908cf051102e1fcedac4,13260,29233,VLEO,SpaceX,United States,,
6243af62af52800c6e919260,Transporter-4,Satellite,False,6243ad8baf52800c6e919252,,,SSO,,United States,,
6243af9faf52800c6e919261,Starlink 4-14 (v1.5),Satellite,False,6243ada6af52800c6e919253,13260,29233,VLEO,SpaceX,United States,,
6243b036af52800c6e919262,NROL-85,Satellite,False,6243adcaaf52800c6e919254,,,LEO,"USAF, National Reconnaissance Office",United States,,
6243b1cdaf52800c6e919265,Crew-4,Crew Dragon,False,6243ade2af52800c6e919255,,,ISS,NASA (CCtCap),United States,,
6243b286af52800c6e919266,Nilesat-301,Satellite,False,6243ae0aaf52800c6e919257,3938,8681.804,GEO,Nilesat,Egypt,,
6243b39daf52800c6e919267,Transporter-5,Satellite,False,6243ae24af52800c6e919258,,,SSO,,United States,,
6243b788af52800c6e91926b,"O3b mPower 1,2",Satellite,False,6243ba08af52800c6e919270,5100,11243.58,MEO,SES,United States,,
6243b835af52800c6e91926d,CRS-25,Dragon 2.0,True,6243ae40af52800c6e919259,,,ISS,NASA (CRS),United States,,
6243b896af52800c6e91926e,WorldView Legion 1 & 2,Satellite,False,6243ae58af52800c6e91925a,,,SSO,DigitalGlobe,United States,,
6243b93caf52800c6e91926f,SES-22,Satellite,False,6243aea5af52800c6e91925c,3500,7716.179,MEO,SES,United States,,
6243ba4faf52800c6e919271,O3b mPower 3.4,Satellite,False,6243ae7daf52800c6e91925b,5100,11243.58,MEO,SES,United States,,
625829cf5988f159024b9648,Starlink 4-15 (v1.5),Satellite,False,625828f25988f159024b9643,13260,29233,VLEO,SpaceX,United States,,
625829d75988f159024b9649,Starlink 4-13 (v1.5),Satellite,False,6258290d5988f159024b9644,13260,29233,VLEO,SpaceX,United States,,
62582aa55988f159024b964d,Starlink 4-16 (v1.5),Satellite,False,62582a6f5988f159024b964b,13260,29233,VLEO,SpaceX,United States,,
62582aad5988f159024b964e,Starlink 4-17 (v1.5),Satellite,False,62582a855988f159024b964c,13260,29233,VLEO,SpaceX,United States,,
62615ee40ec008379be596fd,Starlink 4-18 (v1.5),Satellite,False,62615ebc0ec008379be596fa,13260,29233,VLEO,SpaceX,United States,,
6278484e57b51b752c5c5a63,Starlink 4-19 (v1.5),Satellite,False,6278481757b51b752c5c5a5f,13260,29233,VLEO,SpaceX,United States,,
628026a42c0aa958437dcf7c,Psyche,Satellite,False,628025222c0aa958437dcf76,2608,5750,BEO,NASA,United States,,
628027062c0aa958437dcf7d,Janus,Satellite,False,628025222c0aa958437dcf76,72,158,BEO,NASA,United States,,
62adecbcd26f4f711fa53848,Globalstar FM15,Satellite,False,62a9f08b20413d2695d88711,700,1543.236,LEO,Globalstar,United States,,
62dd73ed202306255024d145,Crew-5,Crew Dragon,False,62dd70d5202306255024d139,,,ISS,NASA (CCtCap),United States,,
630bccc6d36448026ab01639,Starlink 4-21 (v1.5),Satellite,False,62a9f0c920413d2695d88712,13260,29233,VLEO,SpaceX,United States,,
630bccd6d36448026ab0163a,Starlink 3-1 (v1.5),Satellite,False,62a9f0e320413d2695d88713,13260,29233,VLEO,SpaceX,United States,,
630bce10d36448026ab0163b,Starlink 4-22 (v1.5),Satellite,False,62a9f0f820413d2695d88714,13260,29233,VLEO,SpaceX,United States,,
630bce49d36448026ab0163c,Starlink 3-2 (v1.5),Satellite,False,62a9f10b20413d2695d88715,13260,29233,VLEO,SpaceX,United States,,
630bce79d36448026ab0163d,Starlink 4-25 (v1.5),Satellite,False,62a9f12820413d2695d88716,13260,29233,VLEO,SpaceX,United States,,
630bcea1d36448026ab0163e,Starlink 4-26 (v1.5),Satellite,False,62a9f8b320413d2695d8871b,13260,29233,VLEO,SpaceX,United States,,
630bceadd36448026ab0163f,Starlink 4-27 (v1.5),Satellite,False,62f3b5200f55c50e192a4e6c,13260,29233,VLEO,SpaceX,United States,,
630bceb8d36448026ab01640,Starlink 3-3 (v1.5),Satellite,False,62f3b4ff0f55c50e192a4e6b,13260,29233,VLEO,SpaceX,United States,,
630bcfe1d36448026ab01641,KPLO,Satellite,False,62a9f86420413d2695d88719,678,1495,TLI,KARI,South Korea,,
630f63bf18702d4844fb5391,Starlink 3-4 (v1.5),Satellite,False,62f3b53a0f55c50e192a4e6f,13260,29233,VLEO,SpaceX,United States,,
631614d7ffc78f3b85670716,Starlink 4-23 (v1.5),Satellite,False,62f3b5290f55c50e192a4e6d,13260,29233,VLEO,SpaceX,United States,,
631614e9ffc78f3b85670717,Starlink 4-20 (v1.5),Satellite,False,62f3b5330f55c50e192a4e6e,13260,29233,VLEO,SpaceX,United States,,
63161610ffc78f3b85670718,Starlink 4-2 (v1.5),Satellite,False,62a9f89a20413d2695d8871a,13260,29233,VLEO,SpaceX,United States,,
63161699ffc78f3b85670719,Starlink 4-34 (v1.5),Satellite,False,63161329ffc78f3b8567070b,13260,29233,VLEO,SpaceX,United States,,
631616a7ffc78f3b8567071a,Starlink 4-35 (v1.5),Satellite,False,63161339ffc78f3b8567070c,13260,29233,VLEO,SpaceX,United States,,
631616aeffc78f3b8567071b,Starlink 4-36 (v1.5),Satellite,False,62f3b5200f55c50e192a4e6c,13260,29233,VLEO,SpaceX,United States,,
63161760ffc78f3b8567071c,TTL-1,Satellite,False,62f3b5200f55c50e192a4e6c,,,PO,Space Development Agency,United States,,
631617fbffc78f3b8567071d,Varuna-TDM,Satellite,False,62f3b5330f55c50e192a4e6e,180,396,VLEO,Boeing,United States,,
63161872ffc78f3b8567071e,BlueWalker 3,Satellite,False,62a9f89a20413d2695d8871a,1500,3306,VLEO,AST & Science,United States,,
